params,time,steps,reward_mean,reward_median,reward_min,reward_max,reward_std
"{""alpha"": 0.1, ""q_init"": ""random"", ""discount_factor"": 0.0, ""epsilon_decay"": 0.0001, ""epsilon"": 0.1}",3.2038200000000074,100,0.0,0.0,0.0,0.0,0.0
"{""alpha"": 0.1, ""q_init"": ""random"", ""discount_factor"": 0.1, ""epsilon_decay"": 0.0001, ""epsilon"": 0.1}",2.6626909999999953,100,0.0004,0.0,0.0,0.04,0.00397994974842648
"{""alpha"": 0.1, ""q_init"": ""random"", ""discount_factor"": 0.2, ""epsilon_decay"": 0.0001, ""epsilon"": 0.1}",2.5995259999999973,100,0.0,0.0,0.0,0.0,0.0
"{""alpha"": 0.1, ""q_init"": ""random"", ""discount_factor"": 0.3, ""epsilon_decay"": 0.0001, ""epsilon"": 0.1}",2.4878669999999943,100,0.0,0.0,0.0,0.0,0.0
"{""alpha"": 0.1, ""q_init"": ""random"", ""discount_factor"": 0.4, ""epsilon_decay"": 0.0001, ""epsilon"": 0.1}",3.2298099999999863,100,0.0,0.0,0.0,0.0,0.0
"{""alpha"": 0.1, ""q_init"": ""random"", ""discount_factor"": 0.5, ""epsilon_decay"": 0.0001, ""epsilon"": 0.1}",3.2160309999999868,100,0.0,0.0,0.0,0.0,0.0
"{""alpha"": 0.1, ""q_init"": ""random"", ""discount_factor"": 0.6, ""epsilon_decay"": 0.0001, ""epsilon"": 0.1}",3.0082529999999963,100,0.0,0.0,0.0,0.0,0.0
"{""alpha"": 0.1, ""q_init"": ""random"", ""discount_factor"": 0.7, ""epsilon_decay"": 0.0001, ""epsilon"": 0.1}",3.0746540000000095,100,0.0,0.0,0.0,0.0,0.0
"{""alpha"": 0.1, ""q_init"": ""random"", ""discount_factor"": 0.8, ""epsilon_decay"": 0.0001, ""epsilon"": 0.1}",3.1284680000000264,100,0.0,0.0,0.0,0.0,0.0
"{""alpha"": 0.1, ""q_init"": ""random"", ""discount_factor"": 0.9, ""epsilon_decay"": 0.0001, ""epsilon"": 0.1}",3.0626499999999908,100,0.0,0.0,0.0,0.0,0.0
"{""alpha"": 0.1, ""q_init"": ""random"", ""discount_factor"": 0.0, ""epsilon_decay"": 0.0001, ""epsilon"": 0.3}",2.2336039999999855,100,0.0,0.0,0.0,0.0,0.0
"{""alpha"": 0.1, ""q_init"": ""random"", ""discount_factor"": 0.1, ""epsilon_decay"": 0.0001, ""epsilon"": 0.3}",1.9833790000000135,100,0.0,0.0,0.0,0.0,0.0
"{""alpha"": 0.1, ""q_init"": ""random"", ""discount_factor"": 0.2, ""epsilon_decay"": 0.0001, ""epsilon"": 0.3}",2.719592000000006,100,0.0,0.0,0.0,0.0,0.0
"{""alpha"": 0.1, ""q_init"": ""random"", ""discount_factor"": 0.3, ""epsilon_decay"": 0.0001, ""epsilon"": 0.3}",2.8124760000000038,100,0.0,0.0,0.0,0.0,0.0
"{""alpha"": 0.1, ""q_init"": ""random"", ""discount_factor"": 0.4, ""epsilon_decay"": 0.0001, ""epsilon"": 0.3}",2.570999999999998,100,0.0,0.0,0.0,0.0,0.0
"{""alpha"": 0.1, ""q_init"": ""random"", ""discount_factor"": 0.5, ""epsilon_decay"": 0.0001, ""epsilon"": 0.3}",2.528564999999986,100,0.0,0.0,0.0,0.0,0.0
"{""alpha"": 0.1, ""q_init"": ""random"", ""discount_factor"": 0.6, ""epsilon_decay"": 0.0001, ""epsilon"": 0.3}",2.6649150000000077,100,0.0,0.0,0.0,0.0,0.0
"{""alpha"": 0.1, ""q_init"": ""random"", ""discount_factor"": 0.7, ""epsilon_decay"": 0.0001, ""epsilon"": 0.3}",2.446169999999995,100,0.0,0.0,0.0,0.0,0.0
"{""alpha"": 0.1, ""q_init"": ""random"", ""discount_factor"": 0.8, ""epsilon_decay"": 0.0001, ""epsilon"": 0.3}",2.4167950000000076,100,0.0,0.0,0.0,0.0,0.0
"{""alpha"": 0.1, ""q_init"": ""random"", ""discount_factor"": 0.9, ""epsilon_decay"": 0.0001, ""epsilon"": 0.3}",2.562355999999994,100,0.0004760704616359839,0.0,0.0,0.018867924528301886,0.0027468072718509376
"{""alpha"": 0.1, ""q_init"": ""random"", ""discount_factor"": 0.0, ""epsilon_decay"": 0.0001, ""epsilon"": 0.5}",3.3357540000000085,100,0.0,0.0,0.0,0.0,0.0
"{""alpha"": 0.1, ""q_init"": ""random"", ""discount_factor"": 0.1, ""epsilon_decay"": 0.0001, ""epsilon"": 0.5}",1.6496469999999874,100,0.0,0.0,0.0,0.0,0.0
"{""alpha"": 0.1, ""q_init"": ""random"", ""discount_factor"": 0.2, ""epsilon_decay"": 0.0001, ""epsilon"": 0.5}",2.5832599999999957,100,0.0,0.0,0.0,0.0,0.0
"{""alpha"": 0.1, ""q_init"": ""random"", ""discount_factor"": 0.3, ""epsilon_decay"": 0.0001, ""epsilon"": 0.5}",2.603949,100,0.0,0.0,0.0,0.0,0.0
"{""alpha"": 0.1, ""q_init"": ""random"", ""discount_factor"": 0.4, ""epsilon_decay"": 0.0001, ""epsilon"": 0.5}",2.71634499999999,100,0.00048538011695906433,0.0,0.0,0.02631578947368421,0.0034099685487159214
"{""alpha"": 0.1, ""q_init"": ""random"", ""discount_factor"": 0.5, ""epsilon_decay"": 0.0001, ""epsilon"": 0.5}",2.6001310000000046,100,0.0,0.0,0.0,0.0,0.0
"{""alpha"": 0.1, ""q_init"": ""random"", ""discount_factor"": 0.6, ""epsilon_decay"": 0.0001, ""epsilon"": 0.5}",3.2854839999999967,100,0.0,0.0,0.0,0.0,0.0
"{""alpha"": 0.1, ""q_init"": ""random"", ""discount_factor"": 0.7, ""epsilon_decay"": 0.0001, ""epsilon"": 0.5}",3.354791000000006,100,0.0,0.0,0.0,0.0,0.0
"{""alpha"": 0.1, ""q_init"": ""random"", ""discount_factor"": 0.8, ""epsilon_decay"": 0.0001, ""epsilon"": 0.5}",2.9769229999999993,100,0.0,0.0,0.0,0.0,0.0
"{""alpha"": 0.1, ""q_init"": ""random"", ""discount_factor"": 0.9, ""epsilon_decay"": 0.0001, ""epsilon"": 0.5}",3.3561400000000106,100,0.0,0.0,0.0,0.0,0.0
"{""alpha"": 0.1, ""q_init"": 0, ""discount_factor"": 0.0, ""epsilon_decay"": 0.0001, ""epsilon"": 0.1}",6.953001,100,0.0,0.0,0.0,0.0,0.0
"{""alpha"": 0.1, ""q_init"": 0, ""discount_factor"": 0.1, ""epsilon_decay"": 0.0001, ""epsilon"": 0.1}",6.385929000000004,100,0.0,0.0,0.0,0.0,0.0
"{""alpha"": 0.1, ""q_init"": 0, ""discount_factor"": 0.2, ""epsilon_decay"": 0.0001, ""epsilon"": 0.1}",6.451898,100,0.0,0.0,0.0,0.0,0.0
"{""alpha"": 0.1, ""q_init"": 0, ""discount_factor"": 0.3, ""epsilon_decay"": 0.0001, ""epsilon"": 0.1}",6.267238999999989,100,0.0,0.0,0.0,0.0,0.0
"{""alpha"": 0.1, ""q_init"": 0, ""discount_factor"": 0.4, ""epsilon_decay"": 0.0001, ""epsilon"": 0.1}",6.668117999999993,100,0.0,0.0,0.0,0.0,0.0
"{""alpha"": 0.1, ""q_init"": 0, ""discount_factor"": 0.5, ""epsilon_decay"": 0.0001, ""epsilon"": 0.1}",6.544309999999996,100,0.0,0.0,0.0,0.0,0.0
"{""alpha"": 0.1, ""q_init"": 0, ""discount_factor"": 0.6, ""epsilon_decay"": 0.0001, ""epsilon"": 0.1}",6.729747999999972,100,0.0,0.0,0.0,0.0,0.0
"{""alpha"": 0.1, ""q_init"": 0, ""discount_factor"": 0.7, ""epsilon_decay"": 0.0001, ""epsilon"": 0.1}",6.535431000000017,100,0.0,0.0,0.0,0.0,0.0
"{""alpha"": 0.1, ""q_init"": 0, ""discount_factor"": 0.8, ""epsilon_decay"": 0.0001, ""epsilon"": 0.1}",6.52648099999999,100,0.0,0.0,0.0,0.0,0.0
"{""alpha"": 0.1, ""q_init"": 0, ""discount_factor"": 0.9, ""epsilon_decay"": 0.0001, ""epsilon"": 0.1}",6.364147000000003,100,0.0,0.0,0.0,0.0,0.0
"{""alpha"": 0.1, ""q_init"": 0, ""discount_factor"": 0.0, ""epsilon_decay"": 0.0001, ""epsilon"": 0.3}",3.591957999999977,100,0.0,0.0,0.0,0.0,0.0
"{""alpha"": 0.1, ""q_init"": 0, ""discount_factor"": 0.1, ""epsilon_decay"": 0.0001, ""epsilon"": 0.3}",4.157412000000022,100,0.0,0.0,0.0,0.0,0.0
"{""alpha"": 0.1, ""q_init"": 0, ""discount_factor"": 0.2, ""epsilon_decay"": 0.0001, ""epsilon"": 0.3}",3.8358499999999935,100,0.0,0.0,0.0,0.0,0.0
"{""alpha"": 0.1, ""q_init"": 0, ""discount_factor"": 0.3, ""epsilon_decay"": 0.0001, ""epsilon"": 0.3}",4.107555999999988,100,0.0,0.0,0.0,0.0,0.0
"{""alpha"": 0.1, ""q_init"": 0, ""discount_factor"": 0.4, ""epsilon_decay"": 0.0001, ""epsilon"": 0.3}",3.69056599999999,100,0.0,0.0,0.0,0.0,0.0
"{""alpha"": 0.1, ""q_init"": 0, ""discount_factor"": 0.5, ""epsilon_decay"": 0.0001, ""epsilon"": 0.3}",3.399475999999993,100,0.0,0.0,0.0,0.0,0.0
"{""alpha"": 0.1, ""q_init"": 0, ""discount_factor"": 0.6, ""epsilon_decay"": 0.0001, ""epsilon"": 0.3}",4.100579000000039,100,0.0,0.0,0.0,0.0,0.0
"{""alpha"": 0.1, ""q_init"": 0, ""discount_factor"": 0.7, ""epsilon_decay"": 0.0001, ""epsilon"": 0.3}",3.765107999999998,100,0.0,0.0,0.0,0.0,0.0
"{""alpha"": 0.1, ""q_init"": 0, ""discount_factor"": 0.8, ""epsilon_decay"": 0.0001, ""epsilon"": 0.3}",4.12123600000001,100,0.0,0.0,0.0,0.0,0.0
"{""alpha"": 0.1, ""q_init"": 0, ""discount_factor"": 0.9, ""epsilon_decay"": 0.0001, ""epsilon"": 0.3}",4.179166000000009,100,0.0,0.0,0.0,0.0,0.0
"{""alpha"": 0.1, ""q_init"": 0, ""discount_factor"": 0.0, ""epsilon_decay"": 0.0001, ""epsilon"": 0.5}",2.773850999999979,100,0.0,0.0,0.0,0.0,0.0
"{""alpha"": 0.1, ""q_init"": 0, ""discount_factor"": 0.1, ""epsilon_decay"": 0.0001, ""epsilon"": 0.5}",2.877691000000027,100,0.0,0.0,0.0,0.0,0.0
"{""alpha"": 0.1, ""q_init"": 0, ""discount_factor"": 0.2, ""epsilon_decay"": 0.0001, ""epsilon"": 0.5}",3.0214489999999614,100,0.0,0.0,0.0,0.0,0.0
"{""alpha"": 0.1, ""q_init"": 0, ""discount_factor"": 0.3, ""epsilon_decay"": 0.0001, ""epsilon"": 0.5}",2.9897940000000176,100,0.0,0.0,0.0,0.0,0.0
"{""alpha"": 0.1, ""q_init"": 0, ""discount_factor"": 0.4, ""epsilon_decay"": 0.0001, ""epsilon"": 0.5}",3.2341030000000046,100,0.0,0.0,0.0,0.0,0.0
"{""alpha"": 0.1, ""q_init"": 0, ""discount_factor"": 0.5, ""epsilon_decay"": 0.0001, ""epsilon"": 0.5}",2.9810360000000173,100,0.0,0.0,0.0,0.0,0.0
"{""alpha"": 0.1, ""q_init"": 0, ""discount_factor"": 0.6, ""epsilon_decay"": 0.0001, ""epsilon"": 0.5}",3.0341059999999516,100,0.0,0.0,0.0,0.0,0.0
"{""alpha"": 0.1, ""q_init"": 0, ""discount_factor"": 0.7, ""epsilon_decay"": 0.0001, ""epsilon"": 0.5}",3.082885000000033,100,0.0,0.0,0.0,0.0,0.0
"{""alpha"": 0.1, ""q_init"": 0, ""discount_factor"": 0.8, ""epsilon_decay"": 0.0001, ""epsilon"": 0.5}",3.0821710000000166,100,0.0,0.0,0.0,0.0,0.0
"{""alpha"": 0.1, ""q_init"": 0, ""discount_factor"": 0.9, ""epsilon_decay"": 0.0001, ""epsilon"": 0.5}",2.7597280000000524,100,0.0,0.0,0.0,0.0,0.0
"{""alpha"": 0.5, ""q_init"": ""random"", ""discount_factor"": 0.0, ""epsilon_decay"": 0.0001, ""epsilon"": 0.1}",1.783770000000004,100,0.0,0.0,0.0,0.0,0.0
"{""alpha"": 0.5, ""q_init"": ""random"", ""discount_factor"": 0.1, ""epsilon_decay"": 0.0001, ""epsilon"": 0.1}",1.4126489999999876,100,0.0,0.0,0.0,0.0,0.0
"{""alpha"": 0.5, ""q_init"": ""random"", ""discount_factor"": 0.2, ""epsilon_decay"": 0.0001, ""epsilon"": 0.1}",2.4162660000000074,100,0.0,0.0,0.0,0.0,0.0
"{""alpha"": 0.5, ""q_init"": ""random"", ""discount_factor"": 0.3, ""epsilon_decay"": 0.0001, ""epsilon"": 0.1}",2.4845109999999977,100,0.0003448275862068965,0.0,0.0,0.034482758620689655,0.00343099116243662
"{""alpha"": 0.5, ""q_init"": ""random"", ""discount_factor"": 0.4, ""epsilon_decay"": 0.0001, ""epsilon"": 0.1}",2.4162900000000036,100,0.0,0.0,0.0,0.0,0.0
"{""alpha"": 0.5, ""q_init"": ""random"", ""discount_factor"": 0.5, ""epsilon_decay"": 0.0001, ""epsilon"": 0.1}",2.612957999999992,100,0.0,0.0,0.0,0.0,0.0
"{""alpha"": 0.5, ""q_init"": ""random"", ""discount_factor"": 0.6, ""epsilon_decay"": 0.0001, ""epsilon"": 0.1}",2.3461730000000216,100,0.0,0.0,0.0,0.0,0.0
"{""alpha"": 0.5, ""q_init"": ""random"", ""discount_factor"": 0.7, ""epsilon_decay"": 0.0001, ""epsilon"": 0.1}",2.4664880000000267,100,0.00037037037037037035,0.0,0.0,0.037037037037037035,0.0036851386559504456
"{""alpha"": 0.5, ""q_init"": ""random"", ""discount_factor"": 0.8, ""epsilon_decay"": 0.0001, ""epsilon"": 0.1}",2.5217309999999884,100,0.0003125,0.0,0.0,0.03125,0.003109335740958187
"{""alpha"": 0.5, ""q_init"": ""random"", ""discount_factor"": 0.9, ""epsilon_decay"": 0.0001, ""epsilon"": 0.1}",2.6690929999999753,100,0.0010833065308675064,0.0,0.0,0.025,0.004248112793366979
"{""alpha"": 0.5, ""q_init"": ""random"", ""discount_factor"": 0.0, ""epsilon_decay"": 0.0001, ""epsilon"": 0.3}",3.321878999999967,100,0.0005092592592592592,0.0,0.0,0.041666666666666664,0.004237818417331211
"{""alpha"": 0.5, ""q_init"": ""random"", ""discount_factor"": 0.1, ""epsilon_decay"": 0.0001, ""epsilon"": 0.3}",1.6072600000000534,100,0.0,0.0,0.0,0.0,0.0
"{""alpha"": 0.5, ""q_init"": ""random"", ""discount_factor"": 0.2, ""epsilon_decay"": 0.0001, ""epsilon"": 0.3}",2.526335999999958,100,0.0,0.0,0.0,0.0,0.0
"{""alpha"": 0.5, ""q_init"": ""random"", ""discount_factor"": 0.3, ""epsilon_decay"": 0.0001, ""epsilon"": 0.3}",2.6286740000000464,100,0.0,0.0,0.0,0.0,0.0
"{""alpha"": 0.5, ""q_init"": ""random"", ""discount_factor"": 0.4, ""epsilon_decay"": 0.0001, ""epsilon"": 0.3}",2.6476839999999697,100,0.0,0.0,0.0,0.0,0.0
"{""alpha"": 0.5, ""q_init"": ""random"", ""discount_factor"": 0.5, ""epsilon_decay"": 0.0001, ""epsilon"": 0.3}",2.5898039999999583,100,0.0,0.0,0.0,0.0,0.0
"{""alpha"": 0.5, ""q_init"": ""random"", ""discount_factor"": 0.6, ""epsilon_decay"": 0.0001, ""epsilon"": 0.3}",2.832764999999995,100,0.0,0.0,0.0,0.0,0.0
"{""alpha"": 0.5, ""q_init"": ""random"", ""discount_factor"": 0.7, ""epsilon_decay"": 0.0001, ""epsilon"": 0.3}",2.6199609999999893,100,0.0,0.0,0.0,0.0,0.0
"{""alpha"": 0.5, ""q_init"": ""random"", ""discount_factor"": 0.8, ""epsilon_decay"": 0.0001, ""epsilon"": 0.3}",2.599626999999998,100,0.0,0.0,0.0,0.0,0.0
"{""alpha"": 0.5, ""q_init"": ""random"", ""discount_factor"": 0.9, ""epsilon_decay"": 0.0001, ""epsilon"": 0.3}",2.66959700000001,100,0.0,0.0,0.0,0.0,0.0
"{""alpha"": 0.5, ""q_init"": ""random"", ""discount_factor"": 0.0, ""epsilon_decay"": 0.0001, ""epsilon"": 0.5}",1.6180630000000065,100,0.0,0.0,0.0,0.0,0.0
"{""alpha"": 0.5, ""q_init"": ""random"", ""discount_factor"": 0.1, ""epsilon_decay"": 0.0001, ""epsilon"": 0.5}",1.5086120000000278,100,0.0,0.0,0.0,0.0,0.0
"{""alpha"": 0.5, ""q_init"": ""random"", ""discount_factor"": 0.2, ""epsilon_decay"": 0.0001, ""epsilon"": 0.5}",2.76961,100,0.0,0.0,0.0,0.0,0.0
"{""alpha"": 0.5, ""q_init"": ""random"", ""discount_factor"": 0.3, ""epsilon_decay"": 0.0001, ""epsilon"": 0.5}",2.565804999999955,100,0.0,0.0,0.0,0.0,0.0
"{""alpha"": 0.5, ""q_init"": ""random"", ""discount_factor"": 0.4, ""epsilon_decay"": 0.0001, ""epsilon"": 0.5}",2.5272050000000377,100,0.0,0.0,0.0,0.0,0.0
"{""alpha"": 0.5, ""q_init"": ""random"", ""discount_factor"": 0.5, ""epsilon_decay"": 0.0001, ""epsilon"": 0.5}",2.6160829999999464,100,0.0,0.0,0.0,0.0,0.0
"{""alpha"": 0.5, ""q_init"": ""random"", ""discount_factor"": 0.6, ""epsilon_decay"": 0.0001, ""epsilon"": 0.5}",2.514471999999955,100,0.0,0.0,0.0,0.0,0.0
"{""alpha"": 0.5, ""q_init"": ""random"", ""discount_factor"": 0.7, ""epsilon_decay"": 0.0001, ""epsilon"": 0.5}",2.678999000000033,100,0.0,0.0,0.0,0.0,0.0
"{""alpha"": 0.5, ""q_init"": ""random"", ""discount_factor"": 0.8, ""epsilon_decay"": 0.0001, ""epsilon"": 0.5}",2.533491999999967,100,0.0,0.0,0.0,0.0,0.0
"{""alpha"": 0.5, ""q_init"": ""random"", ""discount_factor"": 0.9, ""epsilon_decay"": 0.0001, ""epsilon"": 0.5}",3.821206000000018,100,0.005635181236070807,0.0,0.0,0.04,0.010298267177836476
"{""alpha"": 0.5, ""q_init"": 0, ""discount_factor"": 0.0, ""epsilon_decay"": 0.0001, ""epsilon"": 0.1}",6.309721000000025,100,0.0,0.0,0.0,0.0,0.0
"{""alpha"": 0.5, ""q_init"": 0, ""discount_factor"": 0.1, ""epsilon_decay"": 0.0001, ""epsilon"": 0.1}",6.0308109999999715,100,0.0,0.0,0.0,0.0,0.0
"{""alpha"": 0.5, ""q_init"": 0, ""discount_factor"": 0.2, ""epsilon_decay"": 0.0001, ""epsilon"": 0.1}",6.298729000000037,100,0.0,0.0,0.0,0.0,0.0
"{""alpha"": 0.5, ""q_init"": 0, ""discount_factor"": 0.3, ""epsilon_decay"": 0.0001, ""epsilon"": 0.1}",6.493438999999967,100,0.0,0.0,0.0,0.0,0.0
"{""alpha"": 0.5, ""q_init"": 0, ""discount_factor"": 0.4, ""epsilon_decay"": 0.0001, ""epsilon"": 0.1}",6.223535000000027,100,0.0,0.0,0.0,0.0,0.0
"{""alpha"": 0.5, ""q_init"": 0, ""discount_factor"": 0.5, ""epsilon_decay"": 0.0001, ""epsilon"": 0.1}",6.257607000000007,100,0.0,0.0,0.0,0.0,0.0
"{""alpha"": 0.5, ""q_init"": 0, ""discount_factor"": 0.6, ""epsilon_decay"": 0.0001, ""epsilon"": 0.1}",6.010311999999999,100,0.0,0.0,0.0,0.0,0.0
"{""alpha"": 0.5, ""q_init"": 0, ""discount_factor"": 0.7, ""epsilon_decay"": 0.0001, ""epsilon"": 0.1}",6.442483999999979,100,0.0,0.0,0.0,0.0,0.0
"{""alpha"": 0.5, ""q_init"": 0, ""discount_factor"": 0.8, ""epsilon_decay"": 0.0001, ""epsilon"": 0.1}",6.111521000000039,100,0.0,0.0,0.0,0.0,0.0
"{""alpha"": 0.5, ""q_init"": 0, ""discount_factor"": 0.9, ""epsilon_decay"": 0.0001, ""epsilon"": 0.1}",6.535071999999957,100,0.0,0.0,0.0,0.0,0.0
"{""alpha"": 0.5, ""q_init"": 0, ""discount_factor"": 0.0, ""epsilon_decay"": 0.0001, ""epsilon"": 0.3}",3.8499649999999974,100,0.0,0.0,0.0,0.0,0.0
"{""alpha"": 0.5, ""q_init"": 0, ""discount_factor"": 0.1, ""epsilon_decay"": 0.0001, ""epsilon"": 0.3}",3.6330239999999776,100,0.0,0.0,0.0,0.0,0.0
"{""alpha"": 0.5, ""q_init"": 0, ""discount_factor"": 0.2, ""epsilon_decay"": 0.0001, ""epsilon"": 0.3}",3.974896000000001,100,0.0,0.0,0.0,0.0,0.0
"{""alpha"": 0.5, ""q_init"": 0, ""discount_factor"": 0.3, ""epsilon_decay"": 0.0001, ""epsilon"": 0.3}",4.024428999999998,100,0.0,0.0,0.0,0.0,0.0
"{""alpha"": 0.5, ""q_init"": 0, ""discount_factor"": 0.4, ""epsilon_decay"": 0.0001, ""epsilon"": 0.3}",4.015660999999966,100,0.0,0.0,0.0,0.0,0.0
"{""alpha"": 0.5, ""q_init"": 0, ""discount_factor"": 0.5, ""epsilon_decay"": 0.0001, ""epsilon"": 0.3}",3.5787129999999934,100,0.0,0.0,0.0,0.0,0.0
"{""alpha"": 0.5, ""q_init"": 0, ""discount_factor"": 0.6, ""epsilon_decay"": 0.0001, ""epsilon"": 0.3}",3.9555910000000267,100,0.0,0.0,0.0,0.0,0.0
"{""alpha"": 0.5, ""q_init"": 0, ""discount_factor"": 0.7, ""epsilon_decay"": 0.0001, ""epsilon"": 0.3}",3.7673260000000255,100,0.0,0.0,0.0,0.0,0.0
"{""alpha"": 0.5, ""q_init"": 0, ""discount_factor"": 0.8, ""epsilon_decay"": 0.0001, ""epsilon"": 0.3}",4.591795999999931,100,0.0,0.0,0.0,0.0,0.0
"{""alpha"": 0.5, ""q_init"": 0, ""discount_factor"": 0.9, ""epsilon_decay"": 0.0001, ""epsilon"": 0.3}",4.880512999999951,100,0.0,0.0,0.0,0.0,0.0
"{""alpha"": 0.5, ""q_init"": 0, ""discount_factor"": 0.0, ""epsilon_decay"": 0.0001, ""epsilon"": 0.5}",3.1373839999999973,100,0.0,0.0,0.0,0.0,0.0
"{""alpha"": 0.5, ""q_init"": 0, ""discount_factor"": 0.1, ""epsilon_decay"": 0.0001, ""epsilon"": 0.5}",2.9016630000000987,100,0.0,0.0,0.0,0.0,0.0
"{""alpha"": 0.5, ""q_init"": 0, ""discount_factor"": 0.2, ""epsilon_decay"": 0.0001, ""epsilon"": 0.5}",3.5683030000000144,100,0.0,0.0,0.0,0.0,0.0
"{""alpha"": 0.5, ""q_init"": 0, ""discount_factor"": 0.3, ""epsilon_decay"": 0.0001, ""epsilon"": 0.5}",3.024296999999933,100,0.0,0.0,0.0,0.0,0.0
"{""alpha"": 0.5, ""q_init"": 0, ""discount_factor"": 0.4, ""epsilon_decay"": 0.0001, ""epsilon"": 0.5}",3.284856999999988,100,0.0,0.0,0.0,0.0,0.0
"{""alpha"": 0.5, ""q_init"": 0, ""discount_factor"": 0.5, ""epsilon_decay"": 0.0001, ""epsilon"": 0.5}",3.502452000000062,100,0.0,0.0,0.0,0.0,0.0
"{""alpha"": 0.5, ""q_init"": 0, ""discount_factor"": 0.6, ""epsilon_decay"": 0.0001, ""epsilon"": 0.5}",3.289827999999943,100,0.0,0.0,0.0,0.0,0.0
"{""alpha"": 0.5, ""q_init"": 0, ""discount_factor"": 0.7, ""epsilon_decay"": 0.0001, ""epsilon"": 0.5}",3.1392949999999473,100,0.0,0.0,0.0,0.0,0.0
"{""alpha"": 0.5, ""q_init"": 0, ""discount_factor"": 0.8, ""epsilon_decay"": 0.0001, ""epsilon"": 0.5}",3.394950999999992,100,0.0,0.0,0.0,0.0,0.0
"{""alpha"": 0.5, ""q_init"": 0, ""discount_factor"": 0.9, ""epsilon_decay"": 0.0001, ""epsilon"": 0.5}",3.1302910000000566,100,0.0,0.0,0.0,0.0,0.0
"{""alpha"": 0.9, ""q_init"": ""random"", ""discount_factor"": 0.0, ""epsilon_decay"": 0.0001, ""epsilon"": 0.1}",1.6866240000000516,100,0.0,0.0,0.0,0.0,0.0
"{""alpha"": 0.9, ""q_init"": ""random"", ""discount_factor"": 0.1, ""epsilon_decay"": 0.0001, ""epsilon"": 0.1}",1.4037420000000793,100,0.0,0.0,0.0,0.0,0.0
"{""alpha"": 0.9, ""q_init"": ""random"", ""discount_factor"": 0.2, ""epsilon_decay"": 0.0001, ""epsilon"": 0.1}",2.4750750000000608,100,0.0,0.0,0.0,0.0,0.0
"{""alpha"": 0.9, ""q_init"": ""random"", ""discount_factor"": 0.3, ""epsilon_decay"": 0.0001, ""epsilon"": 0.1}",2.5987330000000384,100,0.0,0.0,0.0,0.0,0.0
"{""alpha"": 0.9, ""q_init"": ""random"", ""discount_factor"": 0.4, ""epsilon_decay"": 0.0001, ""epsilon"": 0.1}",2.458814000000075,100,0.0005266622778143515,0.0,0.0,0.03225806451612903,0.003780659385216913
"{""alpha"": 0.9, ""q_init"": ""random"", ""discount_factor"": 0.5, ""epsilon_decay"": 0.0001, ""epsilon"": 0.1}",2.510599999999954,100,0.00035714285714285714,0.0,0.0,0.03571428571428571,0.0035535265610950693
"{""alpha"": 0.9, ""q_init"": ""random"", ""discount_factor"": 0.6, ""epsilon_decay"": 0.0001, ""epsilon"": 0.1}",2.7236789999999473,100,0.0,0.0,0.0,0.0,0.0
"{""alpha"": 0.9, ""q_init"": ""random"", ""discount_factor"": 0.7, ""epsilon_decay"": 0.0001, ""epsilon"": 0.1}",2.384912999999983,100,0.0,0.0,0.0,0.0,0.0
"{""alpha"": 0.9, ""q_init"": ""random"", ""discount_factor"": 0.8, ""epsilon_decay"": 0.0001, ""epsilon"": 0.1}",2.3679840000000922,100,0.0,0.0,0.0,0.0,0.0
"{""alpha"": 0.9, ""q_init"": ""random"", ""discount_factor"": 0.9, ""epsilon_decay"": 0.0001, ""epsilon"": 0.1}",2.5005710000000363,100,0.0,0.0,0.0,0.0,0.0
"{""alpha"": 0.9, ""q_init"": ""random"", ""discount_factor"": 0.0, ""epsilon_decay"": 0.0001, ""epsilon"": 0.3}",1.4872500000000173,100,0.0,0.0,0.0,0.0,0.0
"{""alpha"": 0.9, ""q_init"": ""random"", ""discount_factor"": 0.1, ""epsilon_decay"": 0.0001, ""epsilon"": 0.3}",1.488055999999915,100,0.0,0.0,0.0,0.0,0.0
"{""alpha"": 0.9, ""q_init"": ""random"", ""discount_factor"": 0.2, ""epsilon_decay"": 0.0001, ""epsilon"": 0.3}",2.5104290000000447,100,0.0,0.0,0.0,0.0,0.0
"{""alpha"": 0.9, ""q_init"": ""random"", ""discount_factor"": 0.3, ""epsilon_decay"": 0.0001, ""epsilon"": 0.3}",2.4938769999999977,100,0.0,0.0,0.0,0.0,0.0
"{""alpha"": 0.9, ""q_init"": ""random"", ""discount_factor"": 0.4, ""epsilon_decay"": 0.0001, ""epsilon"": 0.3}",2.4941299999999273,100,0.0003333333333333333,0.0,0.0,0.03333333333333333,0.0033166247903554003
"{""alpha"": 0.9, ""q_init"": ""random"", ""discount_factor"": 0.5, ""epsilon_decay"": 0.0001, ""epsilon"": 0.3}",2.490764000000013,100,0.0,0.0,0.0,0.0,0.0
"{""alpha"": 0.9, ""q_init"": ""random"", ""discount_factor"": 0.6, ""epsilon_decay"": 0.0001, ""epsilon"": 0.3}",2.533270000000016,100,0.0002040816326530612,0.0,0.0,0.02040816326530612,0.0020305866063400403
"{""alpha"": 0.9, ""q_init"": ""random"", ""discount_factor"": 0.7, ""epsilon_decay"": 0.0001, ""epsilon"": 0.3}",2.654907000000094,100,0.00014925373134328358,0.0,0.0,0.014925373134328358,0.0014850558762785375
"{""alpha"": 0.9, ""q_init"": ""random"", ""discount_factor"": 0.8, ""epsilon_decay"": 0.0001, ""epsilon"": 0.3}",2.482342000000017,100,0.0002631578947368421,0.0,0.0,0.02631578947368421,0.002618387992385841
"{""alpha"": 0.9, ""q_init"": ""random"", ""discount_factor"": 0.9, ""epsilon_decay"": 0.0001, ""epsilon"": 0.3}",2.761889999999994,100,0.0,0.0,0.0,0.0,0.0
"{""alpha"": 0.9, ""q_init"": ""random"", ""discount_factor"": 0.0, ""epsilon_decay"": 0.0001, ""epsilon"": 0.5}",1.5258380000000216,100,0.0,0.0,0.0,0.0,0.0
"{""alpha"": 0.9, ""q_init"": ""random"", ""discount_factor"": 0.1, ""epsilon_decay"": 0.0001, ""epsilon"": 0.5}",2.6387490000000753,100,0.0,0.0,0.0,0.0,0.0
"{""alpha"": 0.9, ""q_init"": ""random"", ""discount_factor"": 0.2, ""epsilon_decay"": 0.0001, ""epsilon"": 0.5}",3.682869000000096,100,0.0010427807486631017,0.0,0.0,0.058823529411764705,0.007360423999986583
"{""alpha"": 0.9, ""q_init"": ""random"", ""discount_factor"": 0.3, ""epsilon_decay"": 0.0001, ""epsilon"": 0.5}",2.858365000000049,100,0.0,0.0,0.0,0.0,0.0
"{""alpha"": 0.9, ""q_init"": ""random"", ""discount_factor"": 0.4, ""epsilon_decay"": 0.0001, ""epsilon"": 0.5}",2.742195000000038,100,0.0,0.0,0.0,0.0,0.0
"{""alpha"": 0.9, ""q_init"": ""random"", ""discount_factor"": 0.5, ""epsilon_decay"": 0.0001, ""epsilon"": 0.5}",3.129412000000002,100,0.0,0.0,0.0,0.0,0.0
"{""alpha"": 0.9, ""q_init"": ""random"", ""discount_factor"": 0.6, ""epsilon_decay"": 0.0001, ""epsilon"": 0.5}",3.1442539999999326,100,0.0,0.0,0.0,0.0,0.0
"{""alpha"": 0.9, ""q_init"": ""random"", ""discount_factor"": 0.7, ""epsilon_decay"": 0.0001, ""epsilon"": 0.5}",2.9698319999999967,100,0.0,0.0,0.0,0.0,0.0
"{""alpha"": 0.9, ""q_init"": ""random"", ""discount_factor"": 0.8, ""epsilon_decay"": 0.0001, ""epsilon"": 0.5}",3.1542180000000144,100,0.0,0.0,0.0,0.0,0.0
"{""alpha"": 0.9, ""q_init"": ""random"", ""discount_factor"": 0.9, ""epsilon_decay"": 0.0001, ""epsilon"": 0.5}",3.0387060000000474,100,0.0,0.0,0.0,0.0,0.0
"{""alpha"": 0.9, ""q_init"": 0, ""discount_factor"": 0.0, ""epsilon_decay"": 0.0001, ""epsilon"": 0.1}",7.121561999999926,100,0.0,0.0,0.0,0.0,0.0
"{""alpha"": 0.9, ""q_init"": 0, ""discount_factor"": 0.1, ""epsilon_decay"": 0.0001, ""epsilon"": 0.1}",7.36117999999999,100,0.0,0.0,0.0,0.0,0.0
"{""alpha"": 0.9, ""q_init"": 0, ""discount_factor"": 0.2, ""epsilon_decay"": 0.0001, ""epsilon"": 0.1}",7.0358779999999115,100,0.0,0.0,0.0,0.0,0.0
"{""alpha"": 0.9, ""q_init"": 0, ""discount_factor"": 0.3, ""epsilon_decay"": 0.0001, ""epsilon"": 0.1}",6.620890000000031,100,0.0,0.0,0.0,0.0,0.0
"{""alpha"": 0.9, ""q_init"": 0, ""discount_factor"": 0.4, ""epsilon_decay"": 0.0001, ""epsilon"": 0.1}",6.6408649999999625,100,0.0,0.0,0.0,0.0,0.0
"{""alpha"": 0.9, ""q_init"": 0, ""discount_factor"": 0.5, ""epsilon_decay"": 0.0001, ""epsilon"": 0.1}",7.054673999999977,100,0.0,0.0,0.0,0.0,0.0
"{""alpha"": 0.9, ""q_init"": 0, ""discount_factor"": 0.6, ""epsilon_decay"": 0.0001, ""epsilon"": 0.1}",6.91418699999997,100,0.0,0.0,0.0,0.0,0.0
"{""alpha"": 0.9, ""q_init"": 0, ""discount_factor"": 0.7, ""epsilon_decay"": 0.0001, ""epsilon"": 0.1}",7.3985289999999395,100,0.0,0.0,0.0,0.0,0.0
"{""alpha"": 0.9, ""q_init"": 0, ""discount_factor"": 0.8, ""epsilon_decay"": 0.0001, ""epsilon"": 0.1}",6.851218999999901,100,0.0,0.0,0.0,0.0,0.0
"{""alpha"": 0.9, ""q_init"": 0, ""discount_factor"": 0.9, ""epsilon_decay"": 0.0001, ""epsilon"": 0.1}",6.82496100000003,100,0.0,0.0,0.0,0.0,0.0
"{""alpha"": 0.9, ""q_init"": 0, ""discount_factor"": 0.0, ""epsilon_decay"": 0.0001, ""epsilon"": 0.3}",3.9586819999999534,100,0.0,0.0,0.0,0.0,0.0
"{""alpha"": 0.9, ""q_init"": 0, ""discount_factor"": 0.1, ""epsilon_decay"": 0.0001, ""epsilon"": 0.3}",3.6343429999999444,100,0.0,0.0,0.0,0.0,0.0
"{""alpha"": 0.9, ""q_init"": 0, ""discount_factor"": 0.2, ""epsilon_decay"": 0.0001, ""epsilon"": 0.3}",3.8224720000000616,100,0.0,0.0,0.0,0.0,0.0
"{""alpha"": 0.9, ""q_init"": 0, ""discount_factor"": 0.3, ""epsilon_decay"": 0.0001, ""epsilon"": 0.3}",3.7012620000000425,100,0.0,0.0,0.0,0.0,0.0
"{""alpha"": 0.9, ""q_init"": 0, ""discount_factor"": 0.4, ""epsilon_decay"": 0.0001, ""epsilon"": 0.3}",4.257845999999972,100,0.0,0.0,0.0,0.0,0.0
"{""alpha"": 0.9, ""q_init"": 0, ""discount_factor"": 0.5, ""epsilon_decay"": 0.0001, ""epsilon"": 0.3}",3.821219000000042,100,0.0,0.0,0.0,0.0,0.0
"{""alpha"": 0.9, ""q_init"": 0, ""discount_factor"": 0.6, ""epsilon_decay"": 0.0001, ""epsilon"": 0.3}",4.324328000000037,100,0.0,0.0,0.0,0.0,0.0
"{""alpha"": 0.9, ""q_init"": 0, ""discount_factor"": 0.7, ""epsilon_decay"": 0.0001, ""epsilon"": 0.3}",4.124581000000035,100,0.0,0.0,0.0,0.0,0.0
"{""alpha"": 0.9, ""q_init"": 0, ""discount_factor"": 0.8, ""epsilon_decay"": 0.0001, ""epsilon"": 0.3}",3.6674820000000636,100,0.0,0.0,0.0,0.0,0.0
"{""alpha"": 0.9, ""q_init"": 0, ""discount_factor"": 0.9, ""epsilon_decay"": 0.0001, ""epsilon"": 0.3}",3.3600529999999935,100,0.0,0.0,0.0,0.0,0.0
"{""alpha"": 0.9, ""q_init"": 0, ""discount_factor"": 0.0, ""epsilon_decay"": 0.0001, ""epsilon"": 0.5}",3.0280219999999645,100,0.0,0.0,0.0,0.0,0.0
"{""alpha"": 0.9, ""q_init"": 0, ""discount_factor"": 0.1, ""epsilon_decay"": 0.0001, ""epsilon"": 0.5}",2.9506470000000036,100,0.0,0.0,0.0,0.0,0.0
"{""alpha"": 0.9, ""q_init"": 0, ""discount_factor"": 0.2, ""epsilon_decay"": 0.0001, ""epsilon"": 0.5}",2.9706049999999777,100,0.0,0.0,0.0,0.0,0.0
"{""alpha"": 0.9, ""q_init"": 0, ""discount_factor"": 0.3, ""epsilon_decay"": 0.0001, ""epsilon"": 0.5}",2.855327999999986,100,0.0,0.0,0.0,0.0,0.0
"{""alpha"": 0.9, ""q_init"": 0, ""discount_factor"": 0.4, ""epsilon_decay"": 0.0001, ""epsilon"": 0.5}",3.1772649999999203,100,0.0,0.0,0.0,0.0,0.0
"{""alpha"": 0.9, ""q_init"": 0, ""discount_factor"": 0.5, ""epsilon_decay"": 0.0001, ""epsilon"": 0.5}",2.9683729999999287,100,0.0,0.0,0.0,0.0,0.0
"{""alpha"": 0.9, ""q_init"": 0, ""discount_factor"": 0.6, ""epsilon_decay"": 0.0001, ""epsilon"": 0.5}",3.1938709999999446,100,0.0,0.0,0.0,0.0,0.0
"{""alpha"": 0.9, ""q_init"": 0, ""discount_factor"": 0.7, ""epsilon_decay"": 0.0001, ""epsilon"": 0.5}",3.1555439999999635,100,0.0,0.0,0.0,0.0,0.0
"{""alpha"": 0.9, ""q_init"": 0, ""discount_factor"": 0.8, ""epsilon_decay"": 0.0001, ""epsilon"": 0.5}",2.9451179999999795,100,0.0,0.0,0.0,0.0,0.0
"{""alpha"": 0.9, ""q_init"": 0, ""discount_factor"": 0.9, ""epsilon_decay"": 0.0001, ""epsilon"": 0.5}",2.965199000000098,100,0.0,0.0,0.0,0.0,0.0
